"sep=,"
Folder Name,Quantity,Trade Quantity,Card Name,Set Code,Set Name,Card Number,Condition,Printing,Language,Price Bought,Date Bought,AVG,LOW,TREND
Ok,1,0,Adaptive Sporesinger,ONE,Phyrexia: All Will Be One,157,NearMint,Normal,English,0.04,2025-01-21,0.02,0.02,0.05
Ok,4,0,Adventure Awaits,ZNR,Zendikar Rising,177,NearMint,Normal,English,0.04,2025-01-21,0.05,0.02,0.09
Ok,2,0,Aeromunculus,RNA,Ravnica Allegiance,152,NearMint,Normal,English,0.02,2025-01-21,0.02,0.02,0.13
Ok,3,0,Agonizing Syphon,M20,Core Set 2020,83,NearMint,Normal,English,0.02,2025-01-21,0.02,0.02,0.05
Ok,3,0,Ahn-Crop Invader,WAR,War of the Spark,113,NearMint,Normal,English,0.03,2025-01-21,0.02,0.02,0.02
Ok,1,0,Air Elemental,XLN,Ixalan,45,NearMint,Normal,English,0.13,2025-01-21,0.04,0.02,0.04
Ok,1,0,Amorphous Axe,CMR,Commander Legends,295,NearMint,Normal,English,0.03,2025-01-21,0.02,0.02,0.06
Ok,1,0,Angelic Gift,CMR,Commander Legends,7,NearMint,Normal,English,0.10,2025-01-21,0.03,0.02,0.06
Ok,1,0,Antler Skulkin,EVE,Eventide,167,NearMint,Normal,English,0.20,2025-01-21,0.05,0.02,0.14
Ok,1,0,Arboreal Grazer,WAR,War of the Spark,149,NearMint,Normal,English,0.14,2025-01-21,0.18,0.02,0.17
Ok,1,0,Ardent Electromancer,ZNR,Zendikar Rising,135,NearMint,Normal,English,0.03,2025-01-21,0.02,0.02,0.08
Ok,3,0,"Arrester's Admonition",RNA,Ravnica Allegiance,31,NearMint,Normal,English,0.03,2025-01-21,0.02,0.02,0.05
Ok,1,0,Arrogant Poet,STX,Strixhaven: School of Mages,63,NearMint,Normal,English,0.04,2025-01-21,0.10,0.02,0.07
Ok,1,0,Aven Reedstalker,HOU,Hour of Devastation,30,NearMint,Normal,English,0.03,2025-01-21,0.02,0.02,0.03
Ok,1,0,Axebane Beast,RNA,Ravnica Allegiance,121,NearMint,Normal,English,0.04,2025-01-21,0.19,0.02,0.04
Ok,1,0,Azorius Guildgate,RNA,Ravnica Allegiance,244,NearMint,Normal,English,0.06,2025-01-21,0.05,0.02,0.04
Ok,1,0,Azorius Knight-Arbiter,RNA,Ravnica Allegiance,154,NearMint,Normal,English,0.12,2025-01-21,0.12,0.02,0.04
Ok,1,0,Bamboo Grove Archer,NEO,Kamigawa: Neon Dynasty,173,NearMint,Normal,English,0.04,2025-01-21,0.02,0.02,0.07
Ok,4,0,Barony Vampire,M20,Core Set 2020,85,NearMint,Normal,English,0.04,2025-01-21,0.04,0.02,0.04
Ok,3,0,Barrier of Bones,GRN,Guilds of Ravnica,61,NearMint,Normal,English,0.09,2025-01-21,0.02,0.02,0.10
Ok,1,0,Bartered Cow,ELD,Throne of Eldraine,6,NearMint,Normal,English,0.09,2025-01-21,0.02,0.02,0.08
Ok,3,0,Bartizan Bats,GRN,Guilds of Ravnica,62,NearMint,Normal,English,0.04,2025-01-21,0.07,0.02,0.05
Ok,1,0,Bitter Revelation,CMR,Commander Legends,109,NearMint,Normal,English,0.03,2025-01-21,0.02,0.02,0.04
Ok,2,0,Blade Instructor,GRN,Guilds of Ravnica,1,NearMint,Normal,English,0.02,2025-01-21,0.02,0.02,0.02
Ok,1,0,Blade-Blizzard Kitsune,NEO,Kamigawa: Neon Dynasty,331,NearMint,Normal,English,0.04,2025-01-21,0.10,0.02,0.13
Ok,1,0,Bladebrand,RNA,Ravnica Allegiance,64,NearMint,Normal,English,0.05,2025-01-21,0.02,0.02,0.06
Ok,9,0,Blindblast,WAR,War of the Spark,114,NearMint,Normal,English,0.03,2025-01-21,0.05,0.02,0.06
Ok,1,0,Blood Age General,STX,Strixhaven: School of Mages,93,NearMint,Normal,English,0.02,2025-01-21,0.02,0.02,0.08
Ok,3,0,Blood Burglar,M20,Core Set 2020,88,NearMint,Normal,English,0.03,2025-01-21,0.02,0.02,0.07
Ok,1,0,Bloodtithe Collector,MID,Innistrad: Midnight Hunt,90,NearMint,Normal,English,0.05,2025-01-21,0.05,0.02,0.05
Ok,1,0,Boarding Party,CMR,Commander Legends,163,NearMint,Normal,English,0.23,2025-01-21,1.09,0.02,0.99
Ok,1,0,Bonded Horncrest,XLN,Ixalan,133,NearMint,Normal,English,0.06,2025-01-21,0.02,0.02,0.08
Ok,1,0,Bone Shredder,MH2,Modern Horizons 2,272,NearMint,Normal,English,0.05,2025-01-21,0.02,0.02,0.08
Ok,1,0,"Braids's Frightful Return",DMU,Dominaria United,85,NearMint,Normal,English,0.07,2025-01-21,0.12,0.02,0.11
Ok,3,0,Broken Wings,ZNR,Zendikar Rising,181,NearMint,Normal,English,0.03,2025-01-21,0.05,0.02,0.05
Ok,1,0,Bulwark Giant,WAR,War of the Spark,7,NearMint,Normal,English,0.02,2025-01-21,0.02,0.02,0.05
Ok,2,0,Burglar Rat,GRN,Guilds of Ravnica,64,NearMint,Normal,English,0.12,2025-01-21,0.17,0.02,0.15
Ok,1,0,Call to the Feast,XLN,Ixalan,219,NearMint,Normal,English,0.08,2025-01-21,0.20,0.02,0.15
Ok,2,0,Candlelight Vigil,GRN,Guilds of Ravnica,3,NearMint,Normal,English,0.05,2025-01-21,0.06,0.02,0.04
Ok,2,0,Canopy Baloth,ZNR,Zendikar Rising,182,NearMint,Normal,English,0.03,2025-01-21,0.14,0.02,0.10
Ok,3,0,Capture Sphere,GRN,Guilds of Ravnica,31,NearMint,Normal,English,0.11,2025-01-21,0.02,0.02,0.03
Ok,1,0,Careful Cultivation,NEO,Kamigawa: Neon Dynasty,178,NearMint,Normal,English,0.07,2025-01-21,0.06,0.02,0.07
Ok,1,0,Centaur Battlemaster,2X2,Double Masters 2022,140,NearMint,Normal,English,0.02,2025-01-21,0.06,0.02,0.03
Ok,1,0,Centaur Courser,M20,Core Set 2020,168,NearMint,Normal,English,0.06,2025-01-21,0.02,0.02,0.04
Ok,4,0,Chainwhip Cyclops,WAR,War of the Spark,118,NearMint,Normal,English,0.03,2025-01-21,0.02,0.02,0.05
Ok,1,0,"Chandra's Pyrohelix",WAR,War of the Spark,120,NearMint,Normal,English,0.04,2025-01-21,0.02,0.02,0.08
Ok,4,0,Child of Night,GRN,Guilds of Ravnica,65,NearMint,Normal,English,0.05,2025-01-21,0.89,0.02,0.20
Ok,1,0,Chillbringer,RNA,Ravnica Allegiance,33,NearMint,Normal,English,0.07,2025-01-21,0.02,0.02,0.07
Ok,1,0,Chrome Courier,MH2,Modern Horizons 2,190,NearMint,Normal,English,0.05,2025-01-21,0.05,0.02,0.03
Ok,1,0,Coiling Stalker,NEO,Kamigawa: Neon Dynasty,346,NearMint,Normal,English,0.04,2025-01-21,0.07,0.02,0.04
Ok,1,0,Collar the Culprit,GRN,Guilds of Ravnica,5,NearMint,Normal,English,0.02,2025-01-21,0.02,0.02,0.04
Ok,1,0,Confront the Unknown,SOI,Shadows over Innistrad,198,NearMint,Normal,English,0.15,2025-01-21,0.02,0.02,0.12
Ok,1,0,Consulate Skygate,BBD,Battlebond,232,NearMint,Normal,English,0.06,2025-01-21,0.10,0.02,0.03
Ok,1,0,Coordinated Charge,IKO,Ikoria: Lair of Behemoths,6,NearMint,Normal,English,0.01,2025-01-21,0.02,0.02,0.11
Ok,1,0,Coral Commando,RNA,Ravnica Allegiance,36,NearMint,Normal,English,0.04,2025-01-21,0.10,0.02,0.06
Ok,1,0,Crackling Emergence,NEO,Kamigawa: Neon Dynasty,136,NearMint,Normal,English,0.02,2025-01-21,0.02,0.02,0.09
Ok,2,0,Crushing Canopy,GRN,Guilds of Ravnica,126,NearMint,Normal,English,0.05,2025-01-21,0.02,0.02,0.04
Ok,1,0,Curate,STX,Strixhaven: School of Mages,40,NearMint,Normal,English,0.07,2025-01-21,0.02,0.02,0.04
Ok,1,0,Cyclops Tyrant,M14,Magic 2014,135,NearMint,Normal,English,0.02,2025-01-21,0.02,0.02,0.03
Ok,4,0,Dauntless Survivor,ZNR,Zendikar Rising,184,NearMint,Normal,English,0.02,2025-01-21,0.05,0.02,0.05
Ok,2,0,Dazzling Lights,GRN,Guilds of Ravnica,34,NearMint,Normal,English,0.05,2025-01-21,0.10,0.02,0.06
Ok,2,0,Dead Weight,GRN,Guilds of Ravnica,67,NearMint,Normal,English,0.04,2025-01-21,0.03,0.02,0.04
Ok,1,0,Deadeye Harpooner,AER,Aether Revolt,15,NearMint,Normal,English,0.06,2025-01-21,0.03,0.02,0.07
Ok,1,0,Deadeye Plunderers,XLN,Ixalan,220,NearMint,Normal,English,0.19,2025-01-21,0.15,0.02,0.24
Ok,3,0,Deadly Visit,GRN,Guilds of Ravnica,68,NearMint,Normal,English,0.05,2025-01-21,0.02,0.02,0.06
Ok,3,0,Demolish,WAR,War of the Spark,123,NearMint,Normal,English,0.04,2025-01-21,0.02,0.02,0.02
Ok,1,0,Demonic Lore,CMR,Commander Legends,118,NearMint,Normal,English,0.10,2025-01-21,0.15,0.02,0.09
Ok,1,0,Devious Cover-Up,GRN,Guilds of Ravnica,35,NearMint,Normal,English,0.03,2025-01-21,0.09,0.02,0.10
Ok,3,0,Devkarin Dissident,GRN,Guilds of Ravnica,127,NearMint,Normal,English,0.02,2025-01-21,0.02,0.02,0.04
Ok,1,0,Dhund Operative,CMR,Commander Legends,119,NearMint,Normal,English,0.02,2025-01-21,0.02,0.02,0.03
Ok,3,0,Dimir Informant,GRN,Guilds of Ravnica,36,NearMint,Normal,English,0.03,2025-01-21,0.02,0.02,0.04
Ok,1,0,Dinosaur Stampede,XLN,Ixalan,140,NearMint,Normal,English,0.23,2025-01-21,0.05,0.02,0.14
Ok,1,0,Dirge of Dread,A25,Masters 25,86,NearMint,Normal,English,0.11,2025-01-21,0.03,0.02,0.08
Ok,1,0,Disdainful Stroke,GRN,Guilds of Ravnica,37,NearMint,Normal,English,0.08,2025-01-21,0.02,0.02,0.08
Ok,3,0,Dismantling Blow,MH1,Modern Horizons,5,NearMint,Normal,English,0.04,2025-01-21,0.02,0.02,0.02
Ok,1,0,Divine Arrow,IKO,Ikoria: Lair of Behemoths,9,NearMint,Normal,English,0.01,2025-01-21,0.10,0.02,0.04
Ok,2,0,Douser of Lights,GRN,Guilds of Ravnica,70,NearMint,Normal,English,0.02,2025-01-21,0.02,0.02,0.03
Ok,1,0,Dragon Egg,CMR,Commander Legends,173,NearMint,Normal,English,0.08,2025-01-21,0.02,0.02,0.07
Ok,1,0,Dreadhound,MID,Innistrad: Midnight Hunt,97,NearMint,Normal,English,0.13,2025-01-21,0.02,0.02,0.12
Ok,1,0,Drover of the Mighty,JMP,Jumpstart,388,NearMint,Normal,English,0.17,2025-01-21,0.39,0.02,0.16
Ok,1,0,Eager First-Year,STX,Strixhaven: School of Mages,16,NearMint,Normal,English,0.03,2025-01-21,0.02,0.02,0.03
Ok,1,0,Eiganjo Exemplar,NEO,Kamigawa: Neon Dynasty,309,NearMint,Normal,English,0.03,2025-01-21,0.10,0.02,0.11
Ok,1,0,Elite Headhunter,ELD,Throne of Eldraine,209,NearMint,Normal,English,0.05,2025-01-21,0.04,0.02,0.04
Ok,1,0,Empyreal Voyager,KLD,Kaladesh,180,NearMint,Normal,English,0.05,2025-01-21,0.07,0.02,0.13
Ok,2,0,Enforcer Griffin,WAR,War of the Spark,11,NearMint,Normal,English,0.03,2025-01-21,0.02,0.02,0.06
Ok,1,0,Enraged Giant,AER,Aether Revolt,80,NearMint,Normal,English,0.02,2025-01-21,0.04,0.02,0.04
Ok,1,0,Essence Infusion,STX,Strixhaven: School of Mages,69,NearMint,Normal,English,0.07,2025-01-21,0.05,0.02,0.12
Ok,1,0,Exhilarating Elocution,STX,Strixhaven: School of Mages,185,NearMint,Normal,English,0.03,2025-01-21,0.02,0.02,0.02
Ok,1,0,Expanded Anatomy,STX,Strixhaven: School of Mages,2,NearMint,Normal,English,0.03,2025-01-21,0.02,0.02,0.08
Ok,1,0,Expedition Champion,ZNR,Zendikar Rising,138,NearMint,Normal,English,0.03,2025-01-21,0.02,0.02,0.07
Ok,1,0,Extruder,MH2,Modern Horizons 2,296,NearMint,Normal,English,0.03,2025-01-21,0.10,0.02,0.06
Ok,5,0,Faerie Duelist,RNA,Ravnica Allegiance,39,NearMint,Normal,English,0.10,2025-01-21,0.03,0.02,0.09
Ok,1,0,Fall from Favor,CMR,Commander Legends,68,NearMint,Normal,English,0.02,2025-01-21,0.10,0.02,0.13
Ok,1,0,"Falthis, Shadowcat Familiar",CMR,Commander Legends,126,NearMint,Normal,English,0.24,2025-01-21,0.14,0.02,0.17
Ok,1,0,Fang of Shigeki,NEO,Kamigawa: Neon Dynasty,183,NearMint,Normal,English,0.09,2025-01-21,0.19,0.02,0.13
Ok,1,0,Farmstead Gleaner,MH1,Modern Horizons,222,NearMint,Normal,English,0.14,2025-01-21,0.15,0.02,0.14
Ok,3,0,Fathom Fleet Cutthroat,M20,Core Set 2020,100,NearMint,Normal,English,0.01,2025-01-21,0.09,0.02,0.03
Ok,1,0,Fearless Halberdier,GRN,Guilds of Ravnica,100,NearMint,Normal,English,0.04,2025-01-21,0.02,0.02,0.03
Ok,1,0,Fell the Pheasant,ELD,Throne of Eldraine,153,NearMint,Normal,English,0.05,2025-01-21,0.12,0.02,0.08
Ok,1,0,Feral Abomination,M20,Core Set 2020,101,NearMint,Normal,English,0.06,2025-01-21,0.02,0.02,0.02
Ok,1,0,Field Creeper,EMN,Eldritch Moon,195,NearMint,Normal,English,0.04,2025-01-21,0.02,0.02,0.04
Ok,1,0,Firebolt,MH1,Modern Horizons,122,NearMint,Normal,English,0.09,2025-01-21,0.15,0.02,0.13
Ok,1,0,Fists of the Demigod,SHM,Shadowmoor,187,NearMint,Normal,English,0.21,2025-01-21,0.02,0.02,0.12
Ok,1,0,Flaxen Intruder // Welcome Home,ELD,Throne of Eldraine,155,NearMint,Normal,English,0.08,2025-01-21,0.02,0.02,0.06
Ok,1,0,Flood of Recollection,CMR,Commander Legends,61,NearMint,Normal,English,0.07,2025-01-21,0.05,0.02,0.10
Ok,1,0,Floodhound,MH2,Modern Horizons 2,335,NearMint,Normal,English,0.01,2025-01-21,0.02,0.02,0.02
Ok,1,0,Flutterfox,ELD,Throne of Eldraine,12,NearMint,Normal,English,0.04,2025-01-21,0.02,0.02,0.06
Ok,1,0,Fortifying Provisions,PLST,The List,ELD-13,NearMint,Normal,English,0.10,2025-01-21,0.15,0.02,0.07
Ok,1,0,Fortress Crab,M20,Core Set 2020,60,NearMint,Normal,English,0.03,2025-01-21,0.05,0.02,0.03
Ok,1,0,Foul Emissary,EMN,Eldritch Moon,158,NearMint,Normal,English,0.07,2025-01-21,0.03,0.02,0.08
Ok,2,0,Foul Orchard,RIX,Rivals of Ixalan,188,NearMint,Normal,English,0.08,2025-01-21,0.06,0.02,0.05
Ok,2,0,Frenzied Arynx,RNA,Ravnica Allegiance,173,NearMint,Normal,English,0.03,2025-01-21,0.64,0.02,0.14
Ok,1,0,Furnace Celebration,CMR,Commander Legends,181,NearMint,Normal,English,0.03,2025-01-21,1.50,0.02,0.25
Ok,1,0,Furnace Punisher,ONE,Phyrexia: All Will Be One,291,NearMint,Normal,English,0.03,2025-01-21,0.05,0.02,0.08
Ok,1,0,Garrison Cat,IKO,Ikoria: Lair of Behemoths,14,NearMint,Normal,English,0.09,2025-01-21,0.11,0.02,0.10
Ok,1,0,Generous Stray,GRN,Guilds of Ravnica,129,NearMint,Normal,English,0.11,2025-01-21,0.15,0.02,0.12
Ok,1,0,Gift of Strength,RNA,Ravnica Allegiance,127,NearMint,Normal,English,0.07,2025-01-21,0.05,0.02,0.06
Ok,1,0,Glimmer Bairn,MH2,Modern Horizons 2,413,NearMint,Normal,English,0.05,2025-01-21,0.06,0.02,0.09
Ok,5,0,Goblin Assailant,WAR,War of the Spark,128,NearMint,Normal,English,0.09,2025-01-21,0.02,0.02,0.10
Ok,4,0,Goblin Assault Team,WAR,War of the Spark,129,NearMint,Normal,English,0.08,2025-01-21,0.02,0.02,0.09
Ok,1,0,Goblin Javelineer,AFR,Adventures in the Forgotten Realms,144,NearMint,Normal,English,0.06,2025-01-21,0.04,0.02,0.09
Ok,1,0,Golem Artisan,CMR,Commander Legends,311,NearMint,Normal,English,0.05,2025-01-21,0.03,0.02,0.07
Ok,1,0,Golgari Guildgate,GRN,Guilds of Ravnica,248,NearMint,Normal,English,0.06,2025-01-21,0.04,0.02,0.02
Ok,1,0,Graf Rats,EMN,Eldritch Moon,91,NearMint,Normal,English,0.12,2025-01-21,0.02,0.02,0.10
Ok,1,0,Grafted Wargear,CMR,Commander Legends,312,NearMint,Normal,English,0.12,2025-01-21,0.10,0.02,0.14
Ok,1,0,Harbor Bandit,M13,Magic 2013,95,NearMint,Normal,English,0.06,2025-01-21,0.02,0.02,0.06
Ok,2,0,"Healer's Hawk",GRN,Guilds of Ravnica,14,NearMint,Normal,English,0.13,2025-01-21,0.14,0.02,0.18
Ok,1,0,Heartless Pillage,XLN,Ixalan,109,NearMint,Normal,English,0.04,2025-01-21,0.02,0.02,0.06
Ok,1,0,Heart-Piercer Bow,M20,Core Set 2020,228,NearMint,Normal,English,0.03,2025-01-21,0.17,0.02,0.04
Ok,2,0,Helica Glider,IKO,Ikoria: Lair of Behemoths,15,NearMint,Normal,English,0.03,2025-01-21,0.02,0.02,0.09
Ok,1,0,Hell Mongrel,MH2,Modern Horizons 2,88,NearMint,Normal,English,0.06,2025-01-21,0.10,0.02,0.09
Ok,1,0,Hinterland Logger,SOI,Shadows over Innistrad,210,NearMint,Normal,English,0.06,2025-01-21,0.02,0.02,0.05
Ok,1,0,Hitchclaw Recluse,GRN,Guilds of Ravnica,133,NearMint,Normal,English,0.01,2025-01-21,0.02,0.02,0.04
Ok,1,0,Honey Mammoth,IKO,Ikoria: Lair of Behemoths,158,NearMint,Normal,English,0.03,2025-01-21,0.12,0.02,0.04
Ok,1,0,Honor the God-Pharaoh,WAR,War of the Spark,132,NearMint,Normal,English,0.05,2025-01-21,0.05,0.02,0.11
Ok,1,0,Horizon Scholar,CMR,Commander Legends,73,NearMint,Normal,English,0.04,2025-01-21,0.03,0.02,0.02
Ok,1,0,Horror of the Broken Lands,A25,Masters 25,93,NearMint,Normal,English,0.10,2025-01-21,0.02,0.02,0.04
Ok,1,0,Humble Defector,CMR,Commander Legends,184,NearMint,Normal,English,0.06,2025-01-21,0.02,0.02,0.10
Ok,4,0,Humongulus,RNA,Ravnica Allegiance,41,NearMint,Normal,English,0.03,2025-01-21,0.10,0.02,0.08
Ok,3,0,Hunted Witness,GRN,Guilds of Ravnica,15,NearMint,Normal,English,0.09,2025-01-21,0.10,0.02,0.12
Ok,1,0,Icehide Golem,MH1,Modern Horizons,224,NearMint,Normal,English,0.09,2025-01-21,0.05,0.02,0.10
Ok,1,0,Ill-Gotten Inheritance,RNA,Ravnica Allegiance,77,NearMint,Normal,English,0.11,2025-01-21,0.02,0.02,0.09
Ok,1,0,"Imoti, Celebrant of Bounty",CMR,Commander Legends,280,NearMint,Normal,English,0.13,2025-01-21,0.14,0.02,0.18
Ok,1,0,Imperial Aerosaur,XLN,Ixalan,14,NearMint,Normal,English,0.09,2025-01-21,0.50,0.02,0.06
Ok,1,0,Imperious Perfect,CMR,Commander Legends,235,NearMint,Normal,English,0.39,2025-01-21,0.32,0.02,0.29
Ok,1,0,Ingenious Skaab,2X2,Double Masters 2022,52,NearMint,Normal,English,0.04,2025-01-21,0.02,0.02,0.02
Ok,1,0,Inordinate Rage,ZNR,Zendikar Rising,144,NearMint,Normal,English,0.06,2025-01-21,0.06,0.02,0.09
Ok,1,0,Interpret the Signs,CMR,Commander Legends,75,NearMint,Normal,English,0.06,2025-01-21,0.09,0.02,0.08
Ok,1,0,Intrusive Packbeast,GRN,Guilds of Ravnica,17,NearMint,Normal,English,0.02,2025-01-21,0.02,0.02,0.04
Ok,6,0,Invading Manticore,WAR,War of the Spark,134,NearMint,Normal,English,0.02,2025-01-21,0.10,0.02,0.03
Ok,1,0,Ironclad Krovod,WAR,War of the Spark,19,NearMint,Normal,English,0.03,2025-01-21,0.02,0.02,0.05
Ok,1,0,Ivy Lane Denizen,CMR,Commander Legends,236,NearMint,Normal,English,0.16,2025-01-21,0.05,0.02,0.12
Ok,1,0,Izzet Guildgate,GRN,Guilds of Ravnica,252,NearMint,Normal,English,0.07,2025-01-21,0.18,0.02,0.07
Ok,1,0,Jade Avenger,MH2,Modern Horizons 2,356,NearMint,Normal,English,0.02,2025-01-21,0.07,0.02,0.02
Ok,1,0,Jalum Tome,CMR,Commander Legends,318,NearMint,Normal,English,0.02,2025-01-21,0.02,0.02,0.03
Ok,1,0,Juniper Order Ranger,CN2,Conspiracy: Take the Crown,204,NearMint,Normal,English,0.10,2025-01-21,0.49,0.02,0.21
Ok,1,0,"Juri, Master of the Revue",CMR,Commander Legends,282,NearMint,Normal,English,0.15,2025-01-21,0.09,0.02,0.13
Ok,1,0,Kazandu Stomper,ZNR,Zendikar Rising,191,NearMint,Normal,English,0.04,2025-01-21,0.02,0.02,0.05
Ok,1,0,Kor Cartographer,CMR,Commander Legends,30,NearMint,Normal,English,0.05,2025-01-21,0.25,0.02,0.17
Ok,1,0,Kor Hookmaster,MM3,Modern Masters 2017,10,NearMint,Normal,English,0.03,2025-01-21,0.02,0.02,0.02
Ok,1,0,Kraul Foragers,GRN,Guilds of Ravnica,135,NearMint,Normal,English,0.03,2025-01-21,0.04,0.02,0.05
Ok,1,0,Kraul Warrior,BBD,Battlebond,204,NearMint,Normal,English,0.05,2025-01-21,0.02,0.02,0.02
Ok,3,0,Law-Rune Enforcer,WAR,War of the Spark,20,NearMint,Normal,English,0.02,2025-01-21,0.15,0.02,0.05
Ok,1,0,Leapfrog,GRN,Guilds of Ravnica,42,NearMint,Normal,English,0.06,2025-01-21,0.15,0.02,0.08
Ok,1,0,Ledev Guardian,GRN,Guilds of Ravnica,18,NearMint,Normal,English,0.02,2025-01-21,0.02,0.02,0.07
Ok,1,0,"Lifecrafter's Gift",CMR,Commander Legends,240,NearMint,Normal,English,0.03,2025-01-21,0.09,0.02,0.05
Ok,1,0,Light the Way,NEO,Kamigawa: Neon Dynasty,24,NearMint,Normal,English,0.04,2025-01-21,0.03,0.02,0.07
Ok,1,0,Lightning-Rig Crew,CMR,Commander Legends,190,NearMint,Normal,English,0.09,2025-01-21,0.08,0.02,0.05
Ok,2,0,Long-Finned Skywhale,KLD,Kaladesh,54,NearMint,Normal,English,0.05,2025-01-21,0.03,0.02,0.09
Ok,2,0,Longtusk Cub,KLD,Kaladesh,161,NearMint,Normal,English,0.06,2025-01-21,0.02,0.02,0.17
Ok,1,0,"Lookout's Dispersal",XLN,Ixalan,62,NearMint,Normal,English,0.16,2025-01-21,0.15,0.02,0.13
Ok,1,0,"Loreseeker's Stone",CMR,Commander Legends,320,NearMint,Normal,English,0.07,2025-01-21,0.10,0.02,0.11
Ok,2,0,Loxodon Sergeant,WAR,War of the Spark,21,NearMint,Normal,English,0.04,2025-01-21,0.02,0.02,0.10
Ok,1,0,Lucid Dreams,MH2,Modern Horizons 2,50,NearMint,Normal,English,0.05,2025-01-21,0.02,0.02,0.07
Ok,1,0,Luminous Bonds,GRN,Guilds of Ravnica,21,NearMint,Normal,English,0.02,2025-01-21,0.16,0.02,0.03
Ok,1,0,Macabre Waltz,ORI,Magic Origins,107,NearMint,Normal,English,0.03,2025-01-21,0.02,0.02,0.09
Ok,1,0,Makeshift Battalion,WAR,War of the Spark,22,NearMint,Normal,English,0.02,2025-01-21,0.02,0.02,0.02
Ok,1,0,Makindi Griffin,ROE,Rise of the Eldrazi,36,NearMint,Normal,English,0.07,2025-01-21,0.03,0.02,0.06
Ok,3,0,Mammoth Spider,RNA,Ravnica Allegiance,132,NearMint,Normal,English,0.02,2025-01-21,0.15,0.02,0.04
Ok,1,0,Martyr for the Cause,WAR,War of the Spark,23,NearMint,Normal,English,0.05,2025-01-21,0.02,0.02,0.08
Ok,1,0,Mask of Immolation,M20,Core Set 2020,151,NearMint,Normal,English,0.08,2025-01-21,0.03,0.02,0.13
Ok,1,0,Maximize Altitude,GRN,Guilds of Ravnica,43,NearMint,Normal,English,0.04,2025-01-21,0.25,0.02,0.05
Ok,1,0,Meditation Puzzle,M15,Magic 2015,19,NearMint,Normal,English,0.05,2025-01-21,0.02,0.02,0.03
Ok,2,0,Mephitic Vapors,GRN,Guilds of Ravnica,76,NearMint,Normal,English,0.05,2025-01-21,0.02,0.02,0.12
Ok,2,0,Merfolk Branchwalker,XLN,Ixalan,197,NearMint,Normal,English,0.13,2025-01-21,0.05,0.02,0.09
Ok,1,0,Midnight Scavengers,EMN,Eldritch Moon,96a,NearMint,Normal,English,0.11,2025-01-21,0.08,0.02,0.09
Ok,1,0,Might of Murasa,ZNR,Zendikar Rising,194,NearMint,Normal,English,0.02,2025-01-21,0.02,0.02,0.08
Ok,1,0,Mind Rot,M20,Core Set 2020,108,NearMint,Normal,English,0.02,2025-01-21,0.02,0.02,0.04
Ok,2,0,Minimus Containment,AFR,Adventures in the Forgotten Realms,24,NearMint,Normal,English,0.03,2025-01-21,0.08,0.02,0.03
Ok,1,0,Molten Blast,ZNR,Zendikar Rising,149,NearMint,Normal,English,0.05,2025-01-21,0.07,0.02,0.08
Ok,5,0,Moodmark Painter,GRN,Guilds of Ravnica,78,NearMint,Normal,English,0.02,2025-01-21,0.02,0.02,0.08
Ok,2,0,Murasa Brute,ZNR,Zendikar Rising,195,NearMint,Normal,English,0.07,2025-01-21,0.02,0.02,0.03
Ok,1,0,Muse Drake,GRN,Guilds of Ravnica,46,NearMint,Normal,English,0.04,2025-01-21,0.02,0.02,0.05
Ok,1,0,Nantuko Cultivator,MH1,Modern Horizons,173,NearMint,Normal,English,0.05,2025-01-21,0.07,0.02,0.10
Ok,1,0,"Necromancer's Familiar",MH2,Modern Horizons 2,94,NearMint,Normal,English,0.03,2025-01-21,0.08,0.02,0.13
Ok,3,0,"Nissa's Zendikon",ZNR,Zendikar Rising,197,NearMint,Normal,English,0.06,2025-01-21,0.02,0.02,0.07
Ok,1,0,"Numa, Joraga Chieftain",CMR,Commander Legends,246,NearMint,Normal,English,0.11,2025-01-21,0.08,0.02,0.20
Ok,1,0,Nyxborn Marauder,THB,Theros Beyond Death,109,NearMint,Normal,English,0.04,2025-01-21,0.02,0.02,0.03
Ok,1,0,Oggyar Battle-Seer,STX,Strixhaven: School of Mages,209,NearMint,Normal,English,0.03,2025-01-21,0.02,0.02,0.04
Ok,1,0,Outland Boar,AER,Aether Revolt,132,NearMint,Normal,English,0.03,2025-01-21,0.03,0.02,0.04
Ok,1,0,Owlin Shieldmage,STX,Strixhaven: School of Mages,210,NearMint,Normal,English,0.03,2025-01-21,0.02,0.02,0.03
Ok,1,0,Pacifism,BBD,Battlebond,101,NearMint,Normal,English,0.06,2025-01-21,0.02,0.02,0.08
Ok,2,0,"Pack's Favor",GRN,Guilds of Ravnica,139,NearMint,Normal,English,0.03,2025-01-21,0.20,0.02,0.05
Ok,1,0,Palace Guard,M10,Magic 2010,23,NearMint,Normal,English,0.06,2025-01-21,0.10,0.02,0.04
Ok,2,0,Parhelion Patrol,GRN,Guilds of Ravnica,22,NearMint,Normal,English,0.04,2025-01-21,0.02,0.02,0.03
Ok,2,0,Passwall Adept,GRN,Guilds of Ravnica,50,NearMint,Normal,English,0.07,2025-01-21,0.05,0.02,0.05
Ok,1,0,Path of Peace,A25,Masters 25,29,NearMint,Normal,English,0.04,2025-01-21,0.02,0.02,0.02
Ok,1,0,Patron of the Valiant,CMR,Commander Legends,37,NearMint,Normal,English,0.06,2025-01-21,0.06,0.02,0.10
Ok,2,0,Pause for Reflection,GRN,Guilds of Ravnica,140,NearMint,Normal,English,0.10,2025-01-21,0.05,0.02,0.08
Ok,1,0,Phantasmal Dreadmaw,MH2,Modern Horizons 2,55,NearMint,Normal,English,0.05,2025-01-21,0.02,0.02,0.05
Ok,1,0,Pillar of Origins,XLN,Ixalan,241,NearMint,Normal,English,0.67,2025-01-21,0.18,0.02,0.26
Ok,1,0,Pouncing Lynx,WAR,War of the Spark,25,NearMint,Normal,English,0.05,2025-01-21,0.02,0.02,0.07
Ok,1,0,Prava of the Steel Legion,CMR,Commander Legends,38,NearMint,Normal,English,0.27,2025-01-21,0.15,0.02,0.19
Ok,2,0,Prey Upon,GRN,Guilds of Ravnica,143,NearMint,Normal,English,0.04,2025-01-21,0.02,0.02,0.15
Ok,2,0,Prism Ring,ORI,Magic Origins,235,NearMint,Normal,English,0.27,2025-01-21,0.49,0.02,0.33
Ok,1,0,Prized Griffin,ELD,Throne of Eldraine,24,NearMint,Normal,English,0.03,2025-01-21,0.02,0.02,0.06
Ok,3,0,Prying Eyes,RNA,Ravnica Allegiance,46,NearMint,Normal,English,0.05,2025-01-21,0.02,0.02,0.02
Ok,2,0,Psychic Rebuttal,ORI,Magic Origins,67,NearMint,Normal,English,0.09,2025-01-21,0.10,0.02,0.17
Ok,1,0,Puncturing Light,ROE,Rise of the Eldrazi,41,NearMint,Normal,English,0.08,2025-01-21,0.07,0.02,0.05
Ok,1,0,Pyroceratops,IKO,Ikoria: Lair of Behemoths,130,NearMint,Normal,English,0.05,2025-01-21,0.02,0.02,0.05
Ok,3,0,Pyroclastic Hellion,ZNR,Zendikar Rising,152,NearMint,Normal,English,0.04,2025-01-21,0.05,0.02,0.02
Ok,2,0,Radical Idea,GRN,Guilds of Ravnica,52,NearMint,Normal,English,0.05,2025-01-21,0.07,0.02,0.06
Ok,1,0,Rafter Demon,RNA,Ravnica Allegiance,196,NearMint,Normal,English,0.09,2025-01-21,0.18,0.02,0.19
Ok,2,0,Raging Kronch,WAR,War of the Spark,141,NearMint,Normal,English,0.03,2025-01-21,0.02,0.02,0.05
Ok,1,0,Rakdos Roustabout,RNA,Ravnica Allegiance,198,NearMint,Normal,English,0.05,2025-01-21,0.15,0.02,0.07
Ok,1,0,Raking Claws,IKO,Ikoria: Lair of Behemoths,131,NearMint,Normal,English,0.10,2025-01-21,0.10,0.02,0.16
Ok,2,0,Rallying Roar,XLN,Ixalan,30,NearMint,Normal,English,0.06,2025-01-21,0.03,0.02,0.15
Ok,1,0,Rampaging Rendhorn,RNA,Ravnica Allegiance,135,NearMint,Normal,English,0.03,2025-01-21,0.12,0.02,0.09
Ok,1,0,Ravenous Intruder,AER,Aether Revolt,94,NearMint,Normal,English,0.04,2025-01-21,0.06,0.02,0.08
Ok,3,0,Reclaim the Wastes,ZNR,Zendikar Rising,200,NearMint,Normal,English,0.03,2025-01-21,0.18,0.02,0.09
Ok,1,0,Resolute Reinforcements,PLST,The List,DMU-29,NearMint,Normal,English,0.21,2025-01-21,0.10,0.03,0.09
Ok,1,0,Revenant,CMR,Commander Legends,147,NearMint,Normal,English,0.03,2025-01-21,0.02,0.02,0.04
Ok,1,0,Righteous Blow,GRN,Guilds of Ravnica,23,NearMint,Normal,English,0.04,2025-01-21,0.02,0.02,0.03
Ok,1,0,Rising Populace,WAR,War of the Spark,29,NearMint,Normal,English,0.02,2025-01-21,0.02,0.02,0.02
Ok,1,0,Roadside Reliquary,NEO,Kamigawa: Neon Dynasty,272,NearMint,Foil,English,0.23,2025-01-21,0.35,0.04,0.26
Ok,1,0,"Rona's Vortex",DMU,Dominaria United,63,NearMint,Normal,English,0.10,2025-01-21,0.15,0.02,0.16
Ok,1,0,Root Snare,RNA,Ravnica Allegiance,137,NearMint,Normal,English,0.05,2025-01-21,0.07,0.02,0.07
Ok,1,0,Rubble Slinger,RNA,Ravnica Allegiance,217,NearMint,Normal,English,0.03,2025-01-21,0.02,0.02,0.07
Ok,1,0,Rubblebelt Runner,RNA,Ravnica Allegiance,202,NearMint,Normal,English,0.03,2025-01-21,0.02,0.02,0.14
Ok,4,0,"Sagittars' Volley",RNA,Ravnica Allegiance,138,NearMint,Normal,English,0.05,2025-01-21,0.02,0.02,0.06
Ok,1,0,Sailor of Means,RIX,Rivals of Ixalan,49,NearMint,Normal,English,0.02,2025-01-21,0.05,0.02,0.08
Ok,2,0,"Sarkhan's Catharsis",WAR,War of the Spark,144,NearMint,Normal,English,0.03,2025-01-21,0.10,0.02,0.08
Ok,1,0,Sauroform Hybrid,RNA,Ravnica Allegiance,140,NearMint,Normal,English,0.06,2025-01-21,0.10,0.02,0.02
Ok,3,0,Savage Smash,RNA,Ravnica Allegiance,203,NearMint,Normal,English,0.04,2025-01-21,0.09,0.02,0.10
Ok,2,0,Scavenged Blade,ZNR,Zendikar Rising,157,NearMint,Normal,English,0.02,2025-01-21,0.02,0.02,0.09
Ok,1,0,Scholar of the Ages,PLST,The List,M20-74,NearMint,Normal,English,0.13,2025-01-21,0.10,0.02,0.10
Ok,1,0,Scion of the Wild,MM2,Modern Masters 2015,160,NearMint,Normal,English,0.08,2025-01-21,0.03,0.02,0.05
Ok,1,0,Scurry Oak,MH2,Modern Horizons 2,172,NearMint,Normal,English,1.58,2025-01-21,0.61,0.02,0.74
Ok,2,0,Scuttlegator,RNA,Ravnica Allegiance,218,NearMint,Normal,English,0.08,2025-01-21,0.02,0.02,0.04
Ok,1,0,Selesnya Guildgate,GRN,Guilds of Ravnica,256,NearMint,Normal,English,0.08,2025-01-21,0.17,0.02,0.08
Ok,4,0,Senate Courier,RNA,Ravnica Allegiance,50,NearMint,Normal,English,0.05,2025-01-21,0.02,0.02,0.02
Ok,1,0,Senate Griffin,RNA,Ravnica Allegiance,219,NearMint,Normal,English,0.04,2025-01-21,0.03,0.02,0.05
Ok,1,0,Seven-Tail Mentor,NEO,Kamigawa: Neon Dynasty,313,NearMint,Normal,English,0.03,2025-01-21,0.02,0.02,0.06
Ok,3,0,Severed Strands,GRN,Guilds of Ravnica,85,NearMint,Normal,English,0.05,2025-01-21,0.10,0.02,0.18
Ok,1,0,Shining Armor,ELD,Throne of Eldraine,29,NearMint,Normal,English,0.03,2025-01-21,0.05,0.02,0.04
Ok,1,0,Shoreline Ranger,A25,Masters 25,72,NearMint,Normal,English,0.04,2025-01-21,0.02,0.02,0.02
Ok,1,0,Silvercoat Lion,M10,Magic 2010,32,NearMint,Normal,English,0.04,2025-01-21,0.02,0.02,0.05
Ok,1,0,Silverflame Ritual,ELD,Throne of Eldraine,30,NearMint,Normal,English,0.06,2025-01-21,0.02,0.02,0.06
Ok,4,0,Skitter Eel,RNA,Ravnica Allegiance,53,NearMint,Normal,English,0.06,2025-01-21,0.05,0.02,0.06
Ok,1,0,Sky Diamond,CMR,Commander Legends,341,NearMint,Normal,English,0.24,2025-01-21,0.11,0.02,0.07
Ok,1,0,Sky Terror,XLN,Ixalan,229,NearMint,Normal,English,0.13,2025-01-21,0.10,0.02,0.25
Ok,1,0,Sky Theater Strix,WAR,War of the Spark,67,NearMint,Normal,English,0.04,2025-01-21,0.02,0.02,0.05
Ok,1,0,Sky-Blessed Samurai,NEO,Kamigawa: Neon Dynasty,314,NearMint,Normal,English,0.06,2025-01-21,0.10,0.02,0.10
Ok,2,0,Skyline Scout,GRN,Guilds of Ravnica,25,NearMint,Normal,English,0.02,2025-01-21,0.02,0.02,0.03
Ok,1,0,Sleek Schooner,XLN,Ixalan,247,NearMint,Normal,English,0.09,2025-01-21,0.10,0.02,0.10
Ok,1,0,Slice in Twain,XLN,Ixalan,207,NearMint,Normal,English,0.04,2025-01-21,0.05,0.02,0.09
Ok,1,0,Slimebind,RNA,Ravnica Allegiance,54,NearMint,Normal,English,0.05,2025-01-21,0.33,0.02,0.06
Ok,2,0,Snapping Sailback,XLN,Ixalan,208,NearMint,Normal,English,0.22,2025-01-21,0.15,0.02,0.21
Ok,3,0,Sneaking Guide,ZNR,Zendikar Rising,164,NearMint,Normal,English,0.02,2025-01-21,0.03,0.02,0.07
Ok,1,0,Solid Footing,IKO,Ikoria: Lair of Behemoths,31,NearMint,Normal,English,0.07,2025-01-21,0.04,0.02,0.19
Ok,1,0,Sonic Assault,GRN,Guilds of Ravnica,199,NearMint,Normal,English,0.03,2025-01-21,0.20,0.02,0.08
Ok,1,0,Sootstoke Kindler,SHM,Shadowmoor,195,NearMint,Normal,English,0.13,2025-01-21,0.02,0.02,0.07
Ok,2,0,Sorcerer of the Fang,M20,Core Set 2020,114,NearMint,Normal,English,0.02,2025-01-21,0.02,0.02,0.06
Ok,1,0,Soul of Migration,MH2,Modern Horizons 2,33,NearMint,Normal,English,0.03,2025-01-21,0.10,0.02,0.07
Ok,2,0,Soul Salvage,M20,Core Set 2020,116,NearMint,Normal,English,0.02,2025-01-21,0.05,0.02,0.02
Ok,1,0,Sparktongue Dragon,CMR,Commander Legends,202,NearMint,Normal,English,0.06,2025-01-21,0.05,0.02,0.06
Ok,1,0,Spectacle Mage,STX,Strixhaven: School of Mages,235,NearMint,Normal,English,0.02,2025-01-21,0.02,0.02,0.08
Ok,1,0,Spectral Searchlight,CMR,Commander Legends,342,NearMint,Normal,English,0.06,2025-01-21,0.02,0.02,0.05
Ok,1,0,Spellkeeper Weird,WAR,War of the Spark,69,NearMint,Normal,English,0.05,2025-01-21,0.02,0.02,0.05
Ok,2,0,"Sphinx's Insight",RNA,Ravnica Allegiance,209,NearMint,Normal,English,0.05,2025-01-21,0.02,0.02,0.02
Ok,6,0,Spinal Centipede,GRN,Guilds of Ravnica,86,NearMint,Normal,English,0.03,2025-01-21,0.02,0.02,0.10
Ok,1,0,Spire Patrol,AER,Aether Revolt,136,NearMint,Normal,English,0.06,2025-01-21,0.04,0.02,0.11
Ok,1,0,Sprouting Goblin,DMU,Dominaria United,145,NearMint,Normal,English,0.10,2025-01-21,0.10,0.02,0.15
Ok,1,0,Startle,MID,Innistrad: Midnight Hunt,78,NearMint,Normal,English,0.05,2025-01-21,0.02,0.02,0.05
Ok,1,0,Stealth Mission,WAR,War of the Spark,70,NearMint,Normal,English,0.11,2025-01-21,0.25,0.02,0.09
Ok,2,0,Steeple Creeper,RNA,Ravnica Allegiance,142,NearMint,Normal,English,0.05,2025-01-21,0.02,0.02,0.04
Ok,1,0,Step Through,MH2,Modern Horizons 2,66,NearMint,Normal,English,0.11,2025-01-21,0.06,0.02,0.09
Ok,2,0,Storm Fleet Arsonist,XLN,Ixalan,162,NearMint,Normal,English,0.05,2025-01-21,0.03,0.02,0.08
Ok,1,0,"Storm God's Oracle",MH2,Modern Horizons 2,213,NearMint,Normal,English,0.02,2025-01-21,0.02,0.02,0.04
Ok,1,0,Strength of Solidarity,ZNR,Zendikar Rising,206,NearMint,Normal,English,0.02,2025-01-21,0.03,0.02,0.05
Ok,1,0,Study Break,STX,Strixhaven: School of Mages,34,NearMint,Normal,English,0.03,2025-01-21,0.02,0.02,0.06
Ok,1,0,Sudden Breakthrough,STX,Strixhaven: School of Mages,116,NearMint,Normal,English,0.13,2025-01-21,0.09,0.02,0.08
Ok,1,0,Sunblade Samurai,NEO,Kamigawa: Neon Dynasty,315,NearMint,Normal,English,0.03,2025-01-21,0.02,0.02,0.07
Ok,2,0,Sure Strike,GRN,Guilds of Ravnica,118,NearMint,Normal,English,0.04,2025-01-21,0.02,0.02,0.05
Ok,1,0,Switcheroo,M13,Magic 2013,71,NearMint,Normal,English,0.14,2025-01-21,0.05,0.02,0.11
Ok,3,0,Sworn Companions,GRN,Guilds of Ravnica,27,NearMint,Normal,English,0.06,2025-01-21,0.02,0.02,0.08
Ok,2,0,Sylvan Brushstrider,RNA,Ravnica Allegiance,144,NearMint,Normal,English,0.03,2025-01-21,0.02,0.02,0.05
Ok,1,0,Tajuru Snarecaster,ZNR,Zendikar Rising,210,NearMint,Normal,English,0.01,2025-01-21,0.02,0.02,0.03
Ok,1,0,Tales of Master Seshiro,NEO,Kamigawa: Neon Dynasty,210,NearMint,Normal,English,0.02,2025-01-21,0.10,0.02,0.04
Ok,1,0,"Tamiyo's Epiphany",WAR,War of the Spark,71,NearMint,Normal,English,0.07,2025-01-21,0.02,0.02,0.07
Ok,1,0,Tempered Veteran,M21,Core Set 2021,41,NearMint,Normal,English,0.03,2025-01-21,0.03,0.02,0.06
Ok,1,0,Tenth District Guard,GRN,Guilds of Ravnica,29,NearMint,Normal,English,0.03,2025-01-21,0.02,0.02,0.07
Ok,3,0,Territorial Boar,RNA,Ravnica Allegiance,145,NearMint,Normal,English,0.06,2025-01-21,0.10,0.02,0.06
Ok,3,0,Territorial Scythecat,ZNR,Zendikar Rising,213,NearMint,Normal,English,0.11,2025-01-21,0.02,0.02,0.06
Ok,1,0,"Teyo's Lightshield",WAR,War of the Spark,33,NearMint,Normal,English,0.02,2025-01-21,0.02,0.02,0.02
Ok,1,0,The Shattered States Era,NEO,Kamigawa: Neon Dynasty,162,NearMint,Normal,English,0.02,2025-01-21,0.03,0.02,0.05
Ok,2,0,Thraben Foulbloods,EMN,Eldritch Moon,108,NearMint,Normal,English,0.04,2025-01-21,0.05,0.02,0.11
Ok,1,0,Thriving Ibex,KLD,Kaladesh,31,NearMint,Normal,English,0.02,2025-01-21,0.10,0.02,0.08
Ok,1,0,Tithebearer Giant,WAR,War of the Spark,107,NearMint,Normal,English,0.02,2025-01-21,0.02,0.02,0.07
Ok,1,0,Tormenting Voice,ZNR,Zendikar Rising,172,NearMint,Normal,English,0.08,2025-01-21,0.10,0.02,0.13
Ok,1,0,Totally Lost,WAR,War of the Spark,74,NearMint,Normal,English,0.03,2025-01-21,0.02,0.02,0.02
Ok,1,0,Transcendent Envoy,THB,Theros Beyond Death,40,NearMint,Normal,English,0.15,2025-01-21,0.05,0.02,0.07
Ok,1,0,Trapped in the Tower,ELD,Throne of Eldraine,33,NearMint,Normal,English,0.05,2025-01-21,0.02,0.02,0.07
Ok,3,0,Trove of Temptation,XLN,Ixalan,171,NearMint,Normal,English,0.08,2025-01-21,0.07,0.02,0.12
Ok,2,0,"True Love's Kiss",ELD,Throne of Eldraine,34,NearMint,Normal,English,0.06,2025-01-21,0.15,0.02,0.05
Ok,1,0,Trusted Pegasus,WAR,War of the Spark,36,NearMint,Normal,English,0.03,2025-01-21,0.10,0.02,0.05
Ok,4,0,Turntimber Ascetic,ZNR,Zendikar Rising,214,NearMint,Normal,English,0.02,2025-01-21,0.09,0.02,0.03
Ok,5,0,Turret Ogre,WAR,War of the Spark,148,NearMint,Normal,English,0.03,2025-01-21,0.02,0.02,0.02
Ok,1,0,Twinferno,DMU,Dominaria United,149,NearMint,Normal,English,0.20,2025-01-21,0.18,0.02,0.18
Ok,1,0,Uncharted Haven,NEO,Kamigawa: Neon Dynasty,281,NearMint,Foil,English,0.19,2025-01-21,0.10,0.02,0.16
Ok,1,0,Underworld Hermit,MH2,Modern Horizons 2,105,NearMint,Normal,English,0.09,2025-01-21,0.15,0.02,0.10
Ok,2,0,Unexplained Disappearance,GRN,Guilds of Ravnica,56,NearMint,Normal,English,0.03,2025-01-21,0.02,0.02,0.07
Ok,1,0,Unholy Indenture,M20,Core Set 2020,119,NearMint,Normal,English,0.09,2025-01-21,0.06,0.02,0.11
Ok,1,0,Unstoppable Ogre,NEO,Kamigawa: Neon Dynasty,169,NearMint,Normal,English,0.02,2025-01-21,0.02,0.02,0.04
Ok,2,0,Utility Knife,ZNR,Zendikar Rising,256,NearMint,Normal,English,0.03,2025-01-21,0.03,0.02,0.06
Ok,2,0,Valiant Changeling,MH1,Modern Horizons,34,NearMint,Normal,English,0.11,2025-01-21,0.04,0.02,0.14
Ok,3,0,Vedalken Mesmerist,GRN,Guilds of Ravnica,57,NearMint,Normal,English,0.01,2025-01-21,0.02,0.02,0.03
Ok,3,0,Veiled Shade,GRN,Guilds of Ravnica,88,NearMint,Normal,English,0.03,2025-01-21,0.02,0.02,0.03
Ok,1,0,Verdant Rebirth,XLN,Ixalan,212,NearMint,Normal,English,0.12,2025-01-21,0.08,0.02,0.15
Ok,2,0,Vicious Conquistador,XLN,Ixalan,128,NearMint,Normal,English,0.16,2025-01-21,0.16,0.02,0.29
Ok,1,0,Vicious Rumors,GRN,Guilds of Ravnica,89,NearMint,Normal,English,0.22,2025-01-21,0.20,0.02,0.21
Ok,1,0,Vigilant Sentry,DMR,Dominaria Remastered,33,NearMint,Normal,English,0.06,2025-01-21,0.02,0.02,0.06
Ok,2,0,Vigorspore Wurm,GRN,Guilds of Ravnica,147,NearMint,Normal,English,0.05,2025-01-21,0.12,0.02,0.09
Ok,1,0,Vineshaper Mystic,XLN,Ixalan,214,NearMint,Normal,English,0.04,2025-01-21,0.04,0.02,0.07
Ok,2,0,Vizkopa Vampire,RNA,Ravnica Allegiance,220,NearMint,Normal,English,0.07,2025-01-21,0.18,0.02,0.07
Ok,1,0,Voltaic Visionary,VOW,Innistrad: Crimson Vow,183,NearMint,Normal,English,0.07,2025-01-21,0.03,0.02,0.05
Ok,3,0,Voracious Vampire,RIX,Rivals of Ixalan,91,NearMint,Normal,English,0.08,2025-01-21,0.49,0.02,0.11
Ok,1,0,Vow of Torment,CMR,Commander Legends,159,NearMint,Normal,English,0.12,2025-01-21,0.26,0.02,0.13
Ok,3,0,Wall of Mist,GRN,Guilds of Ravnica,58,NearMint,Normal,English,0.06,2025-01-21,0.04,0.02,0.07
Ok,1,0,Wanted Scoundrels,XLN,Ixalan,131,NearMint,Normal,English,0.08,2025-01-21,0.11,0.02,0.09
Ok,1,0,War Screecher,WAR,War of the Spark,39,NearMint,Normal,English,0.06,2025-01-21,0.35,0.02,0.12
Ok,1,0,Wild Celebrants,CMR,Commander Legends,212,NearMint,Normal,English,0.01,2025-01-21,0.02,0.02,0.03
Ok,2,0,Wily Goblin,XLN,Ixalan,174,NearMint,Normal,English,0.32,2025-01-21,0.20,0.02,0.39
Ok,1,0,Wind-Kin Raiders,AER,Aether Revolt,50,NearMint,Normal,English,0.02,2025-01-21,0.03,0.02,0.04
Ok,1,0,Wishcoin Crab,GRN,Guilds of Ravnica,60,NearMint,Normal,English,0.02,2025-01-21,0.05,0.02,0.04
Ok,1,0,Witherbloom Campus,STX,Strixhaven: School of Mages,275,NearMint,Normal,English,0.08,2025-01-21,0.10,0.02,0.07
Ok,2,0,Wrecking Beast,RNA,Ravnica Allegiance,150,NearMint,Normal,English,0.06,2025-01-21,0.12,0.02,0.14
Ok,2,0,Youthful Knight,ELD,Throne of Eldraine,37,NearMint,Normal,English,0.06,2025-01-21,0.02,0.02,0.05
Ok,1,0,Zhalfirin Decoy,MH1,Modern Horizons,39,NearMint,Normal,English,0.02,2025-01-21,0.03,0.02,0.05
